unique_id,n_obs,mean_demand,total_demand,zero_share,adi,cv2,n_nonzero,volume_stratum,intermittency_stratum,stratum
FOODS_1_017_WI_3,1550,0.2270967741935484,352.0,0.84,6.25,0.33438033258607425,248,low,sparse,low_sparse
FOODS_1_021_TX_2,1223,0.9067865903515945,1109.0,0.5233033524121014,2.097770154373928,0.560043982798537,583,mid,medium,mid_medium
FOODS_1_029_TX_2,1905,0.226246719160105,431.0,0.836745406824147,6.12540192926045,1.6454953303681406,311,low,sparse,low_sparse
FOODS_1_042_TX_1,1451,4.350103376981392,6312.0,0.19710544452102,1.2454935622317596,0.3618876924602127,1165,high,dense,high_dense
FOODS_1_054_TX_3,1969,0.627729812087354,1236.0,0.6317927882173692,2.7158620689655173,0.41574373529580755,725,mid,medium,mid_medium
FOODS_1_070_CA_2,1218,0.7717569786535303,940.0,0.6477832512315271,2.839160839160839,0.5403382985069577,429,mid,medium,mid_medium
FOODS_1_071_TX_1,1304,0.5996932515337423,782.0,0.6441717791411042,2.810344827586207,0.6403017363990231,464,mid,medium,mid_medium
FOODS_1_082_TX_3,1194,3.8668341708542715,4617.0,0.16164154103852596,1.1928071928071928,0.568183628048427,1001,high,dense,high_dense
FOODS_1_105_CA_2,1517,0.8233355306526038,1249.0,0.6598549769281477,2.939922480620155,0.4950430433816686,516,mid,medium,mid_medium
FOODS_1_112_CA_1,1969,2.302691721686135,4534.0,0.28593194514982223,1.4004267425320056,0.5262594909162313,1406,high,dense,high_dense
FOODS_1_130_WI_2,1969,1.585068562722194,3121.0,0.35449466734382934,1.5491738788355625,0.39061675650511984,1271,high,dense,high_dense
FOODS_1_133_WI_3,1968,0.9796747967479674,1928.0,0.6351626016260162,2.7409470752089136,0.8953442496756502,718,mid,medium,mid_medium
FOODS_1_180_TX_2,1969,1.0274250888776029,2023.0,0.5180294565769427,2.0748155953635408,0.7615125013849848,949,mid,medium,mid_medium
FOODS_1_193_CA_2,1085,0.8811059907834101,956.0,0.6414746543778802,2.789203084832905,0.984270774808478,389,mid,medium,mid_medium
FOODS_1_199_CA_1,1786,0.4854423292273236,867.0,0.7609182530795073,4.182669789227166,0.38069490668204575,427,mid,sparse,mid_sparse
FOODS_1_209_TX_1,1969,0.8887760284408329,1750.0,0.5865921787709497,2.418918918918919,0.6806664035946481,814,mid,medium,mid_medium
FOODS_1_219_TX_2,1969,1.3941086846114779,2745.0,0.473336719146775,1.8987463837994214,0.5183545450212117,1037,high,dense,high_dense
FOODS_2_010_WI_1,1333,0.6204051012753188,827.0,0.6759189797449362,3.0856481481481484,0.36456440223088105,432,mid,medium,mid_medium
FOODS_2_031_WI_2,1453,5.1913282863041985,7543.0,0.3193392980041294,1.4691607684529828,0.43891880297756564,989,high,dense,high_dense
FOODS_2_034_CA_2,1830,1.1289617486338799,2066.0,0.5442622950819672,2.194244604316547,0.49572929466138665,834,high,medium,high_medium
FOODS_2_070_WI_1,1333,0.6924231057764441,923.0,0.6429107276819205,2.8004201680672267,0.40942352312408536,476,mid,medium,mid_medium
FOODS_2_076_CA_4,1956,0.17638036809815952,345.0,0.8502044989775052,6.675767918088737,0.13529056000092074,293,low,sparse,low_sparse
FOODS_2_081_TX_2,1969,1.2529202640934485,2467.0,0.37480954799390553,1.5995125913891146,0.40950972363208027,1231,high,dense,high_dense
FOODS_2_100_CA_4,1969,0.5901472828847131,1162.0,0.6587100050787201,2.9300595238095237,0.3263259707531758,672,mid,medium,mid_medium
FOODS_2_103_WI_1,1331,1.5792637114951165,2102.0,0.40120210368144255,1.6700125470514429,0.36920090916750636,797,high,dense,high_dense
FOODS_2_105_CA_3,1123,1.163846838824577,1307.0,0.42208370436331255,1.7303543913713406,0.3899726894557664,649,high,dense,high_dense
FOODS_2_106_TX_3,1496,1.4491978609625669,2168.0,0.32286096256684493,1.4768015794669298,0.33182027380493057,1013,high,dense,high_dense
FOODS_2_107_CA_1,1969,1.0563737938039615,2080.0,0.537328593194515,2.1613611416026344,0.5103304348665387,911,high,medium,high_medium
FOODS_2_113_WI_1,1333,0.7606901725431358,1014.0,0.5813953488372093,2.388888888888889,0.4182769978546658,558,mid,medium,mid_medium
FOODS_2_117_TX_3,1246,0.25441412520064205,317.0,0.8900481540930979,9.094890510948906,0.40857896064714144,137,low,sparse,low_sparse
FOODS_2_125_WI_2,983,1.2360122075279756,1215.0,0.44455747711088506,1.8003663003663004,0.4732887160577724,546,high,dense,high_dense
FOODS_2_133_WI_3,1967,0.34011184544992373,669.0,0.7834265378749364,4.617370892018779,0.3171191623304191,426,low,sparse,low_sparse
FOODS_2_143_CA_3,1969,1.30929405789741,2578.0,0.36414423565261556,1.5726837060702876,0.39358474779494657,1252,high,dense,high_dense
FOODS_2_152_WI_2,1969,6.601828339258507,12999.0,0.17470797359065515,1.2116923076923076,0.3958140419932781,1625,high,dense,high_dense
FOODS_2_153_WI_1,1929,1.3032659409020217,2514.0,0.5536547433903577,2.240418118466899,0.571667768560666,861,high,medium,high_medium
FOODS_2_166_CA_3,1969,3.2427628237684103,6385.0,0.5165058405281869,2.06827731092437,0.6759246604267668,952,high,medium,high_medium
FOODS_2_183_TX_3,1946,2.867934224049332,5581.0,0.28108941418293937,1.3909935668334525,0.38793345690455616,1399,high,dense,high_dense
FOODS_2_223_TX_3,1444,0.3192520775623269,461.0,0.7825484764542936,4.598726114649682,0.2581756062655894,314,low,sparse,low_sparse
FOODS_2_225_CA_4,1969,1.0812595226003048,2129.0,0.4586084306754698,1.8470919324577861,0.3279155131700297,1066,high,dense,high_dense
FOODS_2_243_CA_3,1942,0.28681771369721937,557.0,0.8007209062821833,5.018087855297158,0.2267655745743386,387,low,sparse,low_sparse
FOODS_2_251_WI_1,1333,1.1290322580645162,1505.0,0.4508627156789197,1.8210382513661203,0.43970003079149333,732,high,dense,high_dense
FOODS_2_258_CA_1,1969,0.8902996444895886,1753.0,0.537328593194515,2.1613611416026344,0.41542192427289093,911,mid,medium,mid_medium
FOODS_2_263_WI_3,1944,0.2926954732510288,569.0,0.7968106995884774,4.921518987341772,0.3098828917746668,395,low,sparse,low_sparse
FOODS_2_267_WI_1,1333,1.4733683420855215,1964.0,0.4163540885221305,1.7133676092544987,0.447944075488345,778,high,dense,high_dense
FOODS_2_275_CA_3,1969,0.8710005078720162,1715.0,0.5495175215845607,2.2198421645997746,0.4290445917800369,887,mid,medium,mid_medium
FOODS_2_276_TX_2,1969,7.655154900964956,15073.0,0.10563737938039613,1.118114707552527,0.3131807036102482,1761,high,dense,high_dense
FOODS_2_276_WI_1,1969,3.2092432706957847,6319.0,0.11833417978669375,1.1342165898617511,0.36871725505427816,1736,high,dense,high_dense
FOODS_2_280_CA_4,1961,0.19071902090770015,374.0,0.8541560428352881,6.856643356643357,0.2645298367024828,286,low,sparse,low_sparse
FOODS_2_295_TX_2,1968,0.7860772357723578,1547.0,0.5355691056910569,2.1531728665207877,0.35809602724557116,914,mid,medium,mid_medium
FOODS_2_300_CA_3,1537,0.2498373454782043,384.0,0.7963565387117761,4.9105431309904155,0.17226259932558757,313,low,sparse,low_sparse
FOODS_2_315_WI_1,1969,2.042153377348908,4021.0,0.35144743524631794,1.5418950665622553,0.4633283026144209,1277,high,dense,high_dense
FOODS_2_320_TX_1,1064,1.2575187969924813,1338.0,0.5178571428571429,2.074074074074074,1.1157908284778502,513,high,medium,high_medium
FOODS_2_349_TX_2,1513,2.00925313945803,3040.0,0.24322538003965632,1.3213973799126637,0.354744117281178,1145,high,dense,high_dense
FOODS_2_359_WI_2,1584,0.24494949494949494,388.0,0.8920454545454546,9.263157894736842,0.45888237482260413,171,low,sparse,low_sparse
FOODS_2_375_CA_3,1968,1.083841463414634,2133.0,0.4380081300813008,1.7793851717902351,0.37600630628953063,1106,high,dense,high_dense
FOODS_2_391_WI_3,1969,0.93600812595226,1843.0,0.5962417470797359,2.476729559748428,0.4819353061110378,795,mid,medium,mid_medium
FOODS_3_002_CA_1,969,2.215686274509804,2147.0,0.2590299277605779,1.34958217270195,0.46745789319137726,718,high,dense,high_dense
FOODS_3_007_TX_1,1969,8.781107160995429,17290.0,0.2727272727272727,1.375,1.1549851846204675,1432,high,dense,high_dense
FOODS_3_012_TX_2,1937,1.064532782653588,2062.0,0.551368094992256,2.228998849252014,0.5625338950251813,869,high,medium,high_medium
FOODS_3_021_WI_3,1602,1.852059925093633,2967.0,0.46441947565543074,1.867132867132867,0.7018884374258234,858,high,dense,high_dense
FOODS_3_037_CA_1,1525,5.31672131147541,8108.0,0.21311475409836064,1.2708333333333333,0.265503046494979,1200,high,dense,high_dense
FOODS_3_050_TX_1,1968,0.38058943089430897,749.0,0.7398373983739838,3.84375,0.365131392494736,512,mid,medium,mid_medium
FOODS_3_053_TX_2,990,0.908080808080808,899.0,0.43333333333333335,1.7647058823529411,0.3256828349100568,561,mid,dense,mid_dense
FOODS_3_056_WI_3,1969,0.5916708989334688,1165.0,0.7348908075165058,3.7720306513409962,0.754875361190761,522,mid,medium,mid_medium
FOODS_3_063_WI_3,1969,0.8842051802945657,1741.0,0.5281868969019807,2.1194833153928956,0.3639716467832593,929,mid,medium,mid_medium
FOODS_3_065_WI_3,1969,1.2097511427120367,2382.0,0.39614017267648555,1.656013456686291,0.3938730175695106,1189,high,dense,high_dense
FOODS_3_068_CA_1,1969,0.6632808532249873,1306.0,0.6282376841036059,2.689890710382514,0.3781375978598018,732,mid,medium,mid_medium
FOODS_3_068_TX_1,1969,0.1706449974606399,336.0,0.8750634840020315,8.004065040650406,0.2780221782590587,246,low,sparse,low_sparse
FOODS_3_073_WI_3,937,1.0928495197438635,1024.0,0.807897545357524,5.205555555555556,0.4244006279460544,180,high,sparse,high_sparse
FOODS_3_089_TX_1,1969,1.8943626206196038,3730.0,0.3621127475876079,1.5676751592356688,0.5656544529928212,1256,high,dense,high_dense
FOODS_3_099_CA_1,1958,17.271195097037793,33817.0,0.049029622063329927,1.0515574650912998,0.15043972213703855,1862,high,dense,high_dense
FOODS_3_122_WI_3,879,0.7747440273037542,681.0,0.5119453924914675,2.0489510489510487,0.3115155371179245,429,mid,medium,mid_medium
FOODS_3_143_WI_2,1123,0.48619768477292963,546.0,0.7284060552092609,3.681967213114754,0.3475280904430703,305,mid,medium,mid_medium
FOODS_3_149_WI_1,1316,0.18693009118541035,246.0,0.85790273556231,7.037433155080214,0.20623871266250043,187,low,sparse,low_sparse
FOODS_3_158_WI_2,1201,0.7185678601165695,863.0,0.5636969192339717,2.2919847328244276,0.42977869763701304,524,mid,medium,mid_medium
FOODS_3_173_WI_1,1364,0.13049853372434017,178.0,0.8900293255131965,9.093333333333334,0.12760235513616422,150,low,sparse,low_sparse
FOODS_3_177_TX_3,1866,0.3204715969989282,598.0,0.7502679528403001,4.0042918454935625,0.2645916856670795,466,low,sparse,low_sparse
FOODS_3_181_WI_3,1116,0.8378136200716846,935.0,0.47580645161290325,1.9076923076923078,0.32617167377602946,585,mid,dense,mid_dense
FOODS_3_222_WI_3,1955,0.6925831202046036,1354.0,0.6265984654731458,2.6780821917808217,0.4444297312488469,730,mid,medium,mid_medium
FOODS_3_234_TX_3,1955,10.13759590792839,19819.0,0.3237851662404092,1.478819969742814,0.8551192064786964,1322,high,dense,high_dense
FOODS_3_261_CA_3,1969,1.574911122397156,3101.0,0.5063484002031488,2.0257201646090537,0.409569533516977,972,high,medium,high_medium
FOODS_3_271_TX_2,1967,1.7742755465175395,3490.0,0.3701067615658363,1.5875706214689265,0.4295591020650902,1239,high,dense,high_dense
FOODS_3_279_TX_2,1875,0.3456,648.0,0.7434666666666667,3.898128898128898,0.26059168683000555,481,low,medium,low_medium
FOODS_3_285_TX_3,1960,1.4127551020408162,2769.0,0.5183673469387755,2.0762711864406778,0.5246493949678454,944,high,medium,high_medium
FOODS_3_286_WI_1,1108,0.34747292418772563,385.0,0.7382671480144405,3.820689655172414,0.24320666526211843,290,low,medium,low_medium
FOODS_3_304_CA_1,1969,2.785678009141696,5485.0,0.13712544438801422,1.1589170100058859,0.4464773670775735,1699,high,dense,high_dense
FOODS_3_351_TX_3,1969,1.292026409344845,2544.0,0.5733875063484002,2.344047619047619,0.6428829350236831,840,high,medium,high_medium
FOODS_3_354_CA_4,1069,0.7670720299345183,820.0,0.5173058933582788,2.0717054263565893,0.3113231490733094,516,mid,medium,mid_medium
FOODS_3_387_WI_2,1968,0.4186991869918699,824.0,0.7591463414634146,4.151898734177215,0.33689346792991787,474,mid,sparse,mid_sparse
FOODS_3_392_CA_3,1969,0.9847638395124428,1939.0,0.457592686642966,1.8436329588014981,0.4699011471520366,1068,mid,dense,mid_dense
FOODS_3_414_CA_4,1568,0.5969387755102041,936.0,0.6396683673469388,2.775221238938053,0.2954952409114529,565,mid,medium,mid_medium
FOODS_3_427_TX_2,1292,0.5425696594427245,701.0,0.6602167182662538,2.9430523917995446,0.8485163829270961,439,mid,medium,mid_medium
FOODS_3_465_CA_2,1969,0.669883189436262,1319.0,0.7511427120365668,4.018367346938776,0.8834925424358026,490,mid,sparse,mid_sparse
FOODS_3_491_CA_4,1969,9.656678517013713,19014.0,0.24834941594718132,1.3304054054054053,0.4170990412501386,1480,high,dense,high_dense
FOODS_3_498_CA_1,1969,5.661757237176231,11148.0,0.26256983240223464,1.356060606060606,0.8224669418215306,1452,high,dense,high_dense
FOODS_3_503_WI_2,1943,6.244981986618631,12134.0,0.03808543489449305,1.039593365436062,0.41393606638255676,1869,high,dense,high_dense
FOODS_3_519_CA_4,1112,2.6097122302158273,2902.0,0.42176258992805754,1.729393468118196,0.7930445068750871,643,high,dense,high_dense
FOODS_3_520_TX_2,1969,1.0964956830878618,2159.0,0.4499746063991874,1.8180978762696214,0.4802141006337671,1083,high,dense,high_dense
FOODS_3_533_WI_1,1969,0.9375317420010157,1846.0,0.45251396648044695,1.8265306122448979,0.3175381353923905,1078,mid,dense,mid_dense
FOODS_3_534_TX_3,1969,1.2778059928897918,2516.0,0.40883697308278316,1.6915807560137457,1.0397415986890834,1164,high,dense,high_dense
FOODS_3_556_WI_2,1968,0.24898373983739838,490.0,0.8175813008130082,5.481894150417827,0.2626892426107371,359,low,sparse,low_sparse
FOODS_3_558_CA_3,1969,0.8633824276282377,1700.0,0.5312341289994922,2.133261105092091,0.38203951617140425,923,mid,medium,mid_medium
FOODS_3_565_CA_1,1969,1.122397155916709,2210.0,0.4540375825292026,1.8316279069767443,0.4460446215910504,1075,high,dense,high_dense
FOODS_3_565_TX_2,1969,1.2732351447435246,2507.0,0.3575418994413408,1.5565217391304347,0.40338112974763446,1265,high,dense,high_dense
FOODS_3_572_WI_3,1131,3.7480106100795756,4239.0,0.3952254641909814,1.6535087719298245,0.44366613121002335,684,high,dense,high_dense
FOODS_3_593_WI_1,1809,0.30458817025981205,551.0,0.7788833609729132,4.5225,0.31171039941380646,400,low,sparse,low_sparse
FOODS_3_609_CA_3,1418,1.961212976022567,2781.0,0.34132581100141046,1.5182012847965738,0.5919681746509226,934,high,dense,high_dense
FOODS_3_612_CA_1,1732,1.2569284064665127,2177.0,0.41397228637413397,1.7064039408866996,0.38881696101152846,1015,high,dense,high_dense
FOODS_3_622_WI_2,1968,0.5482723577235772,1079.0,0.6432926829268293,2.8034188034188032,0.4242116015753371,702,mid,medium,mid_medium
FOODS_3_631_TX_3,1966,0.314852492370295,619.0,0.745676500508647,3.932,0.17348306296250282,500,low,sparse,low_sparse
FOODS_3_635_WI_3,1969,14.414931437277806,28383.0,0.24834941594718132,1.3304054054054053,1.236316968770553,1480,high,dense,high_dense
FOODS_3_665_CA_1,1235,2.4437246963562753,3018.0,0.4380566801619433,1.7795389048991355,0.9081405962149338,694,high,dense,high_dense
FOODS_3_675_WI_2,1617,1.3902288188002474,2248.0,0.46320346320346323,1.8629032258064515,0.5072807686132762,868,high,dense,high_dense
FOODS_3_678_CA_1,1780,2.5235955056179775,4492.0,0.27303370786516856,1.3755795981452859,0.49766957024660424,1294,high,dense,high_dense
FOODS_3_681_CA_4,1969,6.352971051295073,12509.0,0.13052310817673946,1.1501168224299065,0.6023278502774811,1712,high,dense,high_dense
FOODS_3_684_WI_2,1524,1.054461942257218,1607.0,0.489501312335958,1.9588688946015425,0.4342755692958543,778,high,dense,high_dense
FOODS_3_686_WI_2,1962,0.4108053007135576,806.0,0.7033639143730887,3.3711340206185567,0.26185785448562965,582,mid,medium,mid_medium
FOODS_3_709_CA_3,1034,1.230174081237911,1272.0,0.41295938104448743,1.7034596375617792,0.47740926638053616,607,high,dense,high_dense
FOODS_3_717_CA_1,1946,0.6413155190133607,1248.0,0.5673175745118191,2.311163895486936,0.2999792564227646,842,mid,medium,mid_medium
FOODS_3_731_WI_3,1265,0.8679841897233201,1098.0,0.5691699604743083,2.3211009174311927,0.41207357900857894,545,mid,medium,mid_medium
FOODS_3_742_TX_2,1959,1.1704951505870342,2293.0,0.5416028586013272,2.181514476614699,0.49652246986997717,898,high,medium,high_medium
FOODS_3_744_CA_4,1969,4.65871000507872,9173.0,0.14982224479431183,1.1762246117084827,0.40795745417563206,1674,high,dense,high_dense
FOODS_3_752_TX_2,1969,9.238699847638395,18191.0,0.30675469781615033,1.4424908424908425,0.8496058544424896,1365,high,dense,high_dense
FOODS_3_766_TX_1,1967,0.44026436197254704,866.0,0.6853075749872903,3.1777059773828755,0.32278303153439797,619,mid,medium,mid_medium
FOODS_3_779_WI_2,1265,0.23794466403162054,301.0,0.8268774703557312,5.776255707762557,0.37710410673515654,219,low,sparse,low_sparse
FOODS_3_795_CA_4,1001,1.998001998001998,2000.0,0.18981018981018982,1.2342786683107274,0.38566354074074066,811,high,dense,high_dense
FOODS_3_802_TX_3,1926,0.3322949117341641,640.0,0.7523364485981309,4.037735849056604,0.2745942239200367,477,low,sparse,low_sparse
FOODS_3_803_CA_3,1170,2.128205128205128,2490.0,0.38461538461538464,1.625,0.684562335674114,720,high,dense,high_dense
FOODS_3_820_CA_1,1969,1.9822244794311834,3903.0,0.20010157440325038,1.2501587301587302,0.4122749888779515,1575,high,dense,high_dense
HOBBIES_1_003_WI_2,842,0.14014251781472684,118.0,0.8741092636579573,7.943396226415095,0.09715325371745942,106,low,sparse,low_sparse
HOBBIES_1_018_CA_1,1560,0.05961538461538462,93.0,0.9461538461538461,18.571428571428573,0.09864222759926278,84,low,sparse,low_sparse
HOBBIES_1_018_TX_3,1556,0.11889460154241645,185.0,0.8926735218508998,9.317365269461078,0.07883584007322207,167,low,sparse,low_sparse
HOBBIES_1_033_TX_3,1007,0.1499503475670308,151.0,0.8570009930486594,6.993055555555555,0.0550730353809166,144,low,sparse,low_sparse
HOBBIES_1_044_CA_4,1968,0.5889227642276422,1159.0,0.6260162601626016,2.6739130434782608,0.3401073441322651,736,mid,medium,mid_medium
HOBBIES_1_062_TX_2,1100,0.15545454545454546,171.0,0.8909090909090909,9.166666666666666,0.2372287788614984,120,low,sparse,low_sparse
HOBBIES_1_076_CA_3,1969,0.9375317420010157,1846.0,0.5454545454545454,2.2,0.5696433973556151,895,mid,medium,mid_medium
HOBBIES_1_077_CA_1,1551,0.31785944551902,493.0,0.7588652482269503,4.147058823529412,0.19615993981376703,374,low,sparse,low_sparse
HOBBIES_1_085_TX_1,1359,0.3487858719646799,474.0,0.7365710080941869,3.7960893854748603,0.40332354345003146,358,low,medium,low_medium
HOBBIES_1_102_WI_1,1503,0.3120425815036593,469.0,0.7531603459747173,4.051212938005391,0.21328532809931794,371,low,sparse,low_sparse
HOBBIES_1_112_CA_1,1948,0.10574948665297741,206.0,0.9111909650924025,11.260115606936417,0.15870794213776376,173,low,sparse,low_sparse
HOBBIES_1_112_CA_4,1963,0.040244523688232295,79.0,0.9684156902699949,31.661290322580644,0.6900270816204841,62,low,sparse,low_sparse
HOBBIES_1_124_WI_3,1244,0.45016077170418006,560.0,0.6993569131832797,3.3262032085561497,0.36053031132023866,374,mid,medium,mid_medium
HOBBIES_1_130_CA_4,1969,0.7892331132554596,1554.0,0.595733875063484,2.4736180904522613,0.503031204043807,796,mid,medium,mid_medium
HOBBIES_1_148_CA_4,1174,1.3262350936967633,1557.0,0.2683134582623509,1.3667054714784632,0.2706115226970139,859,high,dense,high_dense
HOBBIES_1_157_CA_4,1619,0.4224830142063002,684.0,0.6380481778875849,2.762798634812287,0.11494085257294448,586,mid,medium,mid_medium
HOBBIES_1_173_CA_3,1463,1.3021189336978811,1905.0,0.32809295967190705,1.4883011190233977,0.3349253511632165,983,high,dense,high_dense
HOBBIES_1_184_TX_1,1747,0.09502003434459072,166.0,0.9204350314825415,12.568345323741006,0.1613436459299745,139,low,sparse,low_sparse
HOBBIES_1_192_CA_2,1815,0.08870523415977961,161.0,0.928374655647383,13.961538461538462,0.2507230526623978,130,low,sparse,low_sparse
HOBBIES_1_230_TX_2,1591,0.21244500314267756,338.0,0.819610307982401,5.543554006968641,0.16118273904240782,287,low,sparse,low_sparse
HOBBIES_1_240_TX_2,1817,0.5652173913043478,1027.0,0.6527242707760044,2.8795562599049127,0.4167369856398982,631,mid,medium,mid_medium
HOBBIES_1_244_CA_3,1453,4.9394356503785275,7177.0,0.2904335856847901,1.4093113482056256,0.9393404438832876,1031,high,dense,high_dense
HOBBIES_1_268_TX_1,1969,2.930929405789741,5771.0,0.44692737430167595,1.8080808080808082,1.0903926305578886,1089,high,dense,high_dense
HOBBIES_1_271_TX_1,1571,0.27753023551877787,436.0,0.7943984723106302,4.863777089783282,0.2854346623686966,323,low,sparse,low_sparse
HOBBIES_1_278_TX_2,1941,2.2751159196290573,4416.0,0.6069036579082947,2.543905635648755,1.2983246186508155,763,high,medium,high_medium
HOBBIES_1_279_TX_1,1378,0.5275761973875182,727.0,0.6661828737300436,2.9956521739130433,0.3715935210172323,460,mid,medium,mid_medium
HOBBIES_1_297_CA_1,1969,1.0096495683087863,1988.0,0.4372778059928898,1.7770758122743682,0.3555528917069511,1108,mid,dense,mid_dense
HOBBIES_1_299_TX_3,1796,0.4443207126948775,798.0,0.7494432071269488,3.991111111111111,0.4156446678764664,450,mid,sparse,mid_sparse
HOBBIES_1_306_CA_2,1193,0.6093880972338642,727.0,0.597652975691534,2.4854166666666666,0.278390658855894,480,mid,medium,mid_medium
HOBBIES_1_307_WI_2,1498,0.22963951935914553,344.0,0.8070761014686249,5.1833910034602075,0.16795202502478818,289,low,sparse,low_sparse
HOBBIES_1_308_WI_3,1410,0.4078014184397163,575.0,0.7191489361702128,3.5606060606060606,0.2858879127084778,396,mid,medium,mid_medium
HOBBIES_1_317_TX_1,1963,0.43301069791136015,850.0,0.6622516556291391,2.9607843137254903,0.18771842900302108,663,mid,medium,mid_medium
HOBBIES_1_320_CA_2,1968,0.8597560975609756,1692.0,0.5045731707317073,2.0184615384615383,0.34082539570402826,975,mid,medium,mid_medium
HOBBIES_1_324_CA_1,1969,0.8765871000507872,1726.0,0.4809547993905536,1.926614481409002,0.34925126078408086,1022,mid,dense,mid_dense
HOBBIES_1_335_TX_3,1453,0.7198898830006882,1046.0,0.7825189263592567,4.598101265822785,0.41130932578055196,316,mid,sparse,mid_sparse
HOBBIES_1_340_WI_1,1089,0.06519742883379247,71.0,0.9421487603305785,17.285714285714285,0.11409026626821349,63,low,sparse,low_sparse
HOBBIES_1_341_WI_3,1969,3.3692229558151348,6634.0,0.35297105129507367,1.5455259026687598,1.3411507536856677,1274,high,dense,high_dense
HOBBIES_1_342_TX_3,1449,0.3077984817115252,446.0,0.7391304347826086,3.8333333333333335,0.1481729648434568,378,low,medium,low_medium
HOBBIES_1_343_TX_2,1969,0.829862874555612,1634.0,0.5033011681056374,2.013292433537832,0.3094660913858968,978,mid,medium,mid_medium
HOBBIES_1_345_WI_1,1964,3.6726069246435844,7213.0,0.12932790224032586,1.1485380116959065,0.33326037623742577,1710,high,dense,high_dense
HOBBIES_1_346_TX_2,863,0.3626882966396292,313.0,0.8111239860950173,5.294478527607362,0.3749282495382452,163,low,sparse,low_sparse
HOBBIES_1_355_TX_1,1969,0.2270187912646013,447.0,0.8166582021330625,5.454293628808864,0.1404327521672086,361,low,sparse,low_sparse
HOBBIES_1_369_CA_1,1092,4.888278388278389,5338.0,0.37454212454212454,1.5988286969253294,1.2410234347722058,683,high,dense,high_dense
HOBBIES_1_371_TX_3,1968,5.004065040650406,9848.0,0.29776422764227645,1.4240231548480462,0.955921132745707,1382,high,dense,high_dense
HOBBIES_1_373_WI_1,1086,1.0451197053406998,1135.0,0.36464088397790057,1.5739130434782609,0.31969715870959253,690,mid,dense,mid_dense
HOBBIES_1_375_TX_1,1570,0.08535031847133757,134.0,0.924203821656051,13.193277310924369,0.12771614983519036,119,low,sparse,low_sparse
HOBBIES_1_393_TX_1,1103,0.13689936536718042,151.0,0.8730734360834089,7.878571428571429,0.08741885926371398,140,low,sparse,low_sparse
HOBBIES_1_398_WI_1,1969,4.231589639410869,8332.0,0.36363636363636365,1.5714285714285714,1.0173878638476594,1253,high,dense,high_dense
HOBBIES_1_413_TX_3,1969,1.2595226003047233,2480.0,0.43575418994413406,1.7722772277227723,0.4093499814851273,1111,high,dense,high_dense
HOBBIES_1_417_WI_2,1968,2.144817073170732,4221.0,0.47459349593495936,1.9032882011605416,1.3408608943197065,1034,high,dense,high_dense
HOBBIES_1_421_WI_3,1217,0.20706655710764174,252.0,0.8258011503697618,5.740566037735849,0.16252019501850243,212,low,sparse,low_sparse
HOBBIES_2_001_TX_1,1956,0.041922290388548056,82.0,0.9606339468302658,25.4025974025974,0.05424402767776075,77,low,sparse,low_sparse
HOBBIES_2_003_CA_4,1913,0.1688447464715107,323.0,0.8562467328802927,6.956363636363636,0.15243922702976473,275,low,sparse,low_sparse
HOBBIES_2_033_CA_1,1945,0.7634961439588689,1485.0,0.6169665809768637,2.610738255033557,0.6329256566485488,745,mid,medium,mid_medium
HOBBIES_2_044_TX_2,1274,0.20800627943485087,265.0,0.8226059654631083,5.6371681415929205,0.19482431865828095,226,low,sparse,low_sparse
HOBBIES_2_044_WI_2,1465,0.2696245733788396,395.0,0.769283276450512,4.334319526627219,0.1811801635304393,338,low,sparse,low_sparse
HOBBIES_2_045_CA_3,1138,0.18892794376098418,215.0,0.8620386643233744,7.248407643312102,0.3164341085271319,157,low,sparse,low_sparse
HOBBIES_2_060_TX_3,1956,0.28067484662576686,549.0,0.83640081799591,6.1125,0.9043459832550642,320,low,sparse,low_sparse
HOBBIES_2_068_CA_3,1924,0.30145530145530147,580.0,0.7853430353430353,4.658595641646489,0.3070216339771193,413,low,sparse,low_sparse
HOBBIES_2_071_TX_2,1066,0.3348968105065666,357.0,0.7795497185741088,4.536170212765957,0.3641731537595765,235,low,sparse,low_sparse
HOBBIES_2_080_TX_1,1969,0.07059421025901473,139.0,0.93600812595226,15.626984126984127,0.089786657005331,126,low,sparse,low_sparse
HOBBIES_2_081_TX_2,1177,0.44010195412064573,518.0,0.7281223449447749,3.678125,0.4515983320403505,320,mid,medium,mid_medium
HOBBIES_2_096_WI_2,1963,0.16046867040244522,315.0,0.8619460010188487,7.243542435424354,0.1942365182012449,271,low,sparse,low_sparse
HOBBIES_2_098_TX_3,1968,0.31046747967479676,611.0,0.8201219512195121,5.559322033898305,0.5956835952636528,354,low,sparse,low_sparse
HOBBIES_2_112_WI_3,1953,0.08602150537634409,168.0,0.9298515104966718,14.255474452554745,0.25419386504601843,137,low,sparse,low_sparse
HOBBIES_2_116_TX_1,1957,0.12876852324987226,252.0,0.8957588145120082,9.593137254901961,0.46068608067200595,204,low,sparse,low_sparse
HOBBIES_2_148_WI_2,1961,0.13768485466598673,270.0,0.90464048954615,10.48663101604278,0.3820981754354913,187,low,sparse,low_sparse
HOUSEHOLD_1_023_WI_1,879,0.45051194539249145,396.0,0.6564277588168373,2.910596026490066,0.24102869698359475,302,mid,medium,mid_medium
HOUSEHOLD_1_024_TX_1,1159,0.8740293356341674,1013.0,0.4969801553062985,1.987993138936535,0.4079640673590808,583,mid,medium,mid_medium
HOUSEHOLD_1_078_WI_2,1589,0.8722466960352423,1386.0,0.4581497797356828,1.8455284552845528,0.3127074123902876,861,mid,dense,mid_dense
HOUSEHOLD_1_088_CA_3,1966,1.4242115971515767,2800.0,0.32655137334689727,1.4848942598187311,0.3800166134481003,1324,high,dense,high_dense
HOUSEHOLD_1_093_WI_2,1081,1.2072155411655874,1305.0,0.35707678075855687,1.5553956834532374,0.30022205359534204,695,high,dense,high_dense
HOUSEHOLD_1_115_WI_1,1587,0.5482041587901701,870.0,0.6553245116572148,2.9012797074954295,0.3390317455477979,547,mid,medium,mid_medium
HOUSEHOLD_1_122_CA_3,1753,3.206503137478608,5621.0,0.09811751283513977,1.1087919038583176,0.3552185219938522,1581,high,dense,high_dense
HOUSEHOLD_1_130_CA_3,1067,2.6644798500468605,2843.0,0.2014995313964386,1.2523474178403755,0.3725720950161688,852,high,dense,high_dense
HOUSEHOLD_1_140_TX_1,1888,0.8792372881355932,1660.0,0.5481991525423728,2.213364595545135,0.3085261604708329,853,mid,medium,mid_medium
HOUSEHOLD_1_147_CA_1,1964,2.1379837067209775,4199.0,0.23268839103869654,1.303251493032515,0.44159952501341365,1507,high,dense,high_dense
HOUSEHOLD_1_157_CA_4,1891,0.390269698572184,738.0,0.7667900581702802,4.287981859410431,0.3854665783354065,441,mid,sparse,mid_sparse
HOUSEHOLD_1_162_WI_1,1964,0.8579429735234216,1685.0,0.5519348268839104,2.231818181818182,0.3744060370910516,880,mid,medium,mid_medium
HOUSEHOLD_1_165_WI_3,1568,0.4674744897959184,733.0,0.6543367346938775,2.892988929889299,0.21798527528576414,542,mid,medium,mid_medium
HOUSEHOLD_1_166_WI_1,1968,0.4029471544715447,793.0,0.7225609756097561,3.6043956043956045,0.3212010187653018,546,mid,medium,mid_medium
HOUSEHOLD_1_170_CA_4,1584,0.5890151515151515,933.0,0.5928030303030303,2.4558139534883723,0.303824678281599,645,mid,medium,mid_medium
HOUSEHOLD_1_177_TX_2,1969,1.500253936008126,2954.0,0.3930929405789741,1.6476987447698745,0.3661982087536098,1195,high,dense,high_dense
HOUSEHOLD_1_195_CA_2,1433,0.4954640614096302,710.0,0.6168876482903001,2.610200364298725,0.19615574913446965,549,mid,medium,mid_medium
HOUSEHOLD_1_198_CA_1,1969,3.2823768410360588,6463.0,0.19603859827323514,1.2438408085912824,0.44899817963037997,1583,high,dense,high_dense
HOUSEHOLD_1_198_WI_1,1969,4.224479431183342,8318.0,0.12290502793296089,1.1401273885350318,0.4805399178142875,1727,high,dense,high_dense
HOUSEHOLD_1_204_CA_2,1817,0.7512383048981838,1365.0,0.6186020913593836,2.621933621933622,0.8739576563942948,693,mid,medium,mid_medium
HOUSEHOLD_1_204_TX_3,1834,0.4034896401308615,740.0,0.7431842966194111,3.8938428874734607,0.43387589170539126,471,mid,medium,mid_medium
HOUSEHOLD_1_215_TX_3,1969,1.1289994921279838,2223.0,0.40020314880650076,1.6672311600338696,0.3699373136097625,1181,high,dense,high_dense
HOUSEHOLD_1_239_CA_3,851,1.1821386603995299,1006.0,0.3490011750881316,1.536101083032491,0.3790660314087133,554,high,dense,high_dense
HOUSEHOLD_1_262_TX_1,1155,3.3645021645021647,3886.0,0.10649350649350649,1.119186046511628,0.45320796575156636,1032,high,dense,high_dense
HOUSEHOLD_1_278_TX_2,1968,0.39634146341463417,780.0,0.6839430894308943,3.1639871382636655,0.1780377135561082,622,mid,medium,mid_medium
HOUSEHOLD_1_295_CA_3,1513,0.5710508922670192,864.0,0.6173165895571712,2.613126079447323,0.3346507686680338,579,mid,medium,mid_medium
HOUSEHOLD_1_312_WI_3,1871,0.29396044895777657,550.0,0.7659005879208979,4.271689497716895,0.20224687482270168,438,low,sparse,low_sparse
HOUSEHOLD_1_320_CA_4,1172,0.2687713310580205,315.0,0.7798634812286689,4.542635658914729,0.16289896503348425,258,low,sparse,low_sparse
HOUSEHOLD_1_323_CA_2,1960,0.21428571428571427,420.0,0.8392857142857143,6.222222222222222,0.25437898089171984,315,low,sparse,low_sparse
HOUSEHOLD_1_323_TX_1,1968,1.0208333333333333,2009.0,0.6051829268292683,2.5328185328185326,0.9095567306937741,777,mid,medium,mid_medium
HOUSEHOLD_1_324_CA_4,1968,0.5223577235772358,1028.0,0.6478658536585366,2.83982683982684,0.28833488550320446,693,mid,medium,mid_medium
HOUSEHOLD_1_325_CA_1,1969,0.9690198070086338,1908.0,0.4906043676993398,1.963110667996012,0.4568242064320129,1003,mid,dense,mid_dense
HOUSEHOLD_1_342_WI_2,849,0.6678445229681979,567.0,0.5429917550058893,2.1881443298969074,0.28122897104359595,388,mid,medium,mid_medium
HOUSEHOLD_1_357_CA_1,1969,0.968511934992382,1907.0,0.6038598273235145,2.5243589743589743,0.3879890384395409,780,mid,medium,mid_medium
HOUSEHOLD_1_360_WI_2,1968,0.28810975609756095,567.0,0.7632113821138211,4.223175965665236,0.19916825863738807,466,low,sparse,low_sparse
HOUSEHOLD_1_375_CA_2,1969,0.8852209243270696,1743.0,0.4606399187404774,1.8540489642184557,0.3619020919041013,1062,mid,dense,mid_dense
HOUSEHOLD_1_379_CA_3,1969,2.51193499238192,4946.0,0.32249873031995935,1.4760119940029985,0.8906210618986006,1334,high,dense,high_dense
HOUSEHOLD_1_384_CA_4,892,0.265695067264574,237.0,0.7914798206278026,4.795698924731183,0.16319110329685557,186,low,sparse,low_sparse
HOUSEHOLD_1_387_CA_2,1969,1.8628745556119857,3668.0,0.2930421533773489,1.4145114942528736,0.4560369870236243,1392,high,dense,high_dense
HOUSEHOLD_1_387_WI_3,1969,2.4423565261554088,4809.0,0.2844083291010665,1.397444996451384,0.48272892114504423,1409,high,dense,high_dense
HOUSEHOLD_1_414_CA_2,1592,4.344221105527638,6916.0,0.38567839195979897,1.6278118609406953,0.951408945833058,978,high,dense,high_dense
HOUSEHOLD_1_422_TX_3,1965,0.5587786259541985,1098.0,0.5842239185750636,2.405140758873929,0.315062758226273,817,mid,medium,mid_medium
HOUSEHOLD_1_425_WI_2,1969,1.2722194007110208,2505.0,0.33925850685627224,1.5134511913912374,0.3431391970549919,1301,high,dense,high_dense
HOUSEHOLD_1_434_WI_1,1969,1.5251396648044693,3003.0,0.37582529202640935,1.6021155410903174,0.7039721875195848,1229,high,dense,high_dense
HOUSEHOLD_1_454_CA_1,1428,0.569327731092437,813.0,0.6064425770308123,2.5409252669039146,0.31762845652346383,562,mid,medium,mid_medium
HOUSEHOLD_1_465_CA_2,1471,6.210061182868797,9135.0,0.08565601631543168,1.0936802973977695,0.5207933629940115,1345,high,dense,high_dense
HOUSEHOLD_1_466_TX_1,1053,0.13485280151946819,142.0,0.8907882241215574,9.156521739130435,0.17640001113674886,115,low,sparse,low_sparse
HOUSEHOLD_1_468_CA_2,1966,0.8631739572736521,1697.0,0.4440488301119023,1.7987191216834402,0.2834809212780807,1093,mid,dense,mid_dense
HOUSEHOLD_1_503_CA_2,1969,1.6673438293550025,3283.0,0.3499238191975622,1.53828125,0.5023433117499566,1280,high,dense,high_dense
HOUSEHOLD_1_510_TX_2,1601,1.4921923797626484,2389.0,0.34166146158650845,1.5189753320683113,0.425541382840613,1054,high,dense,high_dense
HOUSEHOLD_1_537_TX_2,1967,1.1342145399084902,2231.0,0.36553126588713775,1.576121794871795,0.3088348859808662,1248,high,dense,high_dense
HOUSEHOLD_2_014_WI_3,1967,0.10371123538383324,204.0,0.9039145907473309,10.407407407407407,0.07218121917102263,189,low,sparse,low_sparse
HOUSEHOLD_2_020_CA_4,940,0.14361702127659576,135.0,0.8712765957446809,7.768595041322314,0.08287974394147231,121,low,sparse,low_sparse
HOUSEHOLD_2_029_TX_1,1964,0.20977596741344195,412.0,0.824847250509165,5.709302325581396,0.2247082693142162,344,low,sparse,low_sparse
HOUSEHOLD_2_041_TX_2,1968,0.1991869918699187,392.0,0.8302845528455285,5.892215568862276,0.1219289885470644,334,low,sparse,low_sparse
HOUSEHOLD_2_047_CA_1,1968,0.5360772357723578,1055.0,0.6737804878048781,3.0654205607476634,0.3774248875033504,642,mid,medium,mid_medium
HOUSEHOLD_2_054_CA_4,1962,0.42966360856269115,843.0,0.6738022426095821,3.065625,0.2531095520830216,640,mid,medium,mid_medium
HOUSEHOLD_2_055_TX_1,1969,0.22905027932960895,451.0,0.8090401218892839,5.236702127659575,0.15206050445507477,376,low,sparse,low_sparse
HOUSEHOLD_2_058_TX_2,960,0.28958333333333336,278.0,0.7541666666666667,4.067796610169491,0.13654462623074662,236,low,sparse,low_sparse
HOUSEHOLD_2_060_CA_4,894,0.052572706935123045,47.0,0.9496644295302014,19.866666666666667,0.03981645335198977,45,low,sparse,low_sparse
HOUSEHOLD_2_070_CA_3,1969,0.6983240223463687,1375.0,0.6317927882173692,2.7158620689655173,0.4128934751837817,725,mid,medium,mid_medium
HOUSEHOLD_2_075_WI_3,1969,0.7374301675977654,1452.0,0.5413915693245303,2.1805094130675524,0.32725549481295946,903,mid,medium,mid_medium
HOUSEHOLD_2_076_CA_3,1969,1.1356018283392586,2236.0,0.4423565261554088,1.7932604735883424,0.36632868518150663,1098,high,dense,high_dense
HOUSEHOLD_2_076_WI_3,1968,0.23272357723577236,458.0,0.8074186991869918,5.192612137203167,0.1567607497223637,379,low,sparse,low_sparse
HOUSEHOLD_2_105_WI_1,1958,0.1302349336057201,255.0,0.8855975485188968,8.741071428571429,0.12010558202002335,224,low,sparse,low_sparse
HOUSEHOLD_2_108_TX_1,1920,0.046875,90.0,0.9578125,23.703703703703702,0.08099999999999999,81,low,sparse,low_sparse
HOUSEHOLD_2_116_CA_2,1900,0.21894736842105264,416.0,0.8415789473684211,6.312292358803987,0.25664266672830377,301,low,sparse,low_sparse
HOUSEHOLD_2_123_TX_1,1618,0.16131025957972805,261.0,0.8733003708281829,7.892682926829268,0.2138114387576202,205,low,sparse,low_sparse
HOUSEHOLD_2_131_WI_2,1951,0.06868272680676576,134.0,0.938493080471553,16.258333333333333,0.09681930245923273,120,low,sparse,low_sparse
HOUSEHOLD_2_148_CA_2,1283,0.34528448947778645,443.0,0.730319563522993,3.708092485549133,0.307320343772083,346,low,medium,low_medium
HOUSEHOLD_2_155_CA_1,1969,0.3819197562214322,752.0,0.7008633824276282,3.3429541595925296,0.22524377989086078,589,mid,medium,mid_medium
HOUSEHOLD_2_213_WI_1,973,2.3463514902363825,2283.0,0.1747173689619733,1.211706102117061,0.4128270960232622,803,high,dense,high_dense
HOUSEHOLD_2_230_WI_3,1616,0.04641089108910891,75.0,0.9585396039603961,24.119402985074625,0.1577319865319866,67,low,sparse,low_sparse
HOUSEHOLD_2_236_TX_2,1963,0.30514518593988793,599.0,0.7396841569027,3.8414872798434443,0.1353425195931701,511,low,medium,low_medium
HOUSEHOLD_2_263_TX_2,885,0.30282485875706217,268.0,0.7728813559322034,4.402985074626866,0.19875000000000004,201,low,sparse,low_sparse
HOUSEHOLD_2_269_TX_3,1959,0.07299642674834099,143.0,0.930066360387953,14.299270072992702,0.05221742469788541,137,low,sparse,low_sparse
HOUSEHOLD_2_271_TX_3,1919,0.16831683168316833,323.0,0.8561750911933299,6.952898550724638,0.1725716984469584,276,low,sparse,low_sparse
HOUSEHOLD_2_276_WI_3,1436,0.15389972144846797,221.0,0.8760445682451253,8.067415730337078,0.24413891403871682,178,low,sparse,low_sparse
HOUSEHOLD_2_287_CA_3,1968,0.649390243902439,1278.0,0.5736788617886179,2.3456495828367103,0.28970464963456877,839,mid,medium,mid_medium
HOUSEHOLD_2_309_CA_1,1220,0.05573770491803279,68.0,0.9475409836065574,19.0625,0.05272697314219806,64,low,sparse,low_sparse
HOUSEHOLD_2_325_WI_3,1969,0.48755713560182834,960.0,0.6241747079735906,2.6608108108108106,0.1902310272891294,740,mid,medium,mid_medium
HOUSEHOLD_2_347_WI_2,1968,0.10315040650406504,203.0,0.9080284552845529,10.87292817679558,0.1030225328339818,181,low,sparse,low_sparse
HOUSEHOLD_2_349_TX_2,1969,0.45556119857795835,897.0,0.6896901980700864,3.2225859247135844,0.26783531493934665,611,mid,medium,mid_medium
HOUSEHOLD_2_361_CA_1,1219,0.3748974569319114,457.0,0.7128794093519278,3.4828571428571427,0.2088860597807047,350,mid,medium,mid_medium
HOUSEHOLD_2_374_CA_4,1287,0.4522144522144522,582.0,0.6767676767676768,3.09375,0.24346144986649398,416,mid,medium,mid_medium
HOUSEHOLD_2_391_TX_3,1968,0.09603658536585366,189.0,0.9095528455284553,11.0561797752809,0.0617393082642836,178,low,sparse,low_sparse
HOUSEHOLD_2_406_TX_3,1961,0.15451300356960734,303.0,0.8612952575216726,7.209558823529412,0.09357016224803949,272,low,sparse,low_sparse
HOUSEHOLD_2_414_WI_1,1145,0.09606986899563319,110.0,0.9152838427947598,11.804123711340207,0.0911880165289256,97,low,sparse,low_sparse
HOUSEHOLD_2_416_WI_2,1895,0.3525065963060686,668.0,0.7461741424802111,3.9397089397089395,0.24228362137999446,481,low,sparse,low_sparse
HOUSEHOLD_2_417_CA_1,1967,0.4117946110828673,810.0,0.6837824097610574,3.162379421221865,0.20622089097705879,622,mid,medium,mid_medium
HOUSEHOLD_2_421_WI_1,1969,0.6246825799898426,1230.0,0.5642458100558659,2.2948717948717947,0.2990596390296658,858,mid,medium,mid_medium
HOUSEHOLD_2_425_CA_2,1881,0.227538543328017,428.0,0.8155236576289208,5.420749279538905,0.16355326360633257,347,low,sparse,low_sparse
HOUSEHOLD_2_428_WI_2,1941,0.03863987635239567,75.0,0.9618753219989696,26.22972972972973,0.01315555555555556,74,low,sparse,low_sparse
HOUSEHOLD_2_433_WI_2,1968,0.14888211382113822,293.0,0.8673780487804879,7.540229885057471,0.09789514146932403,261,low,sparse,low_sparse
HOUSEHOLD_2_464_CA_2,1961,0.1223865374808771,240.0,0.8913819479857216,9.206572769953052,0.11732163915094342,213,low,sparse,low_sparse
HOUSEHOLD_2_466_WI_2,1847,0.19003789929615592,351.0,0.8456957227937195,6.480701754385965,0.16880521936498818,285,low,sparse,low_sparse
HOUSEHOLD_2_467_TX_1,1459,0.5023989033584647,733.0,0.6435915010281015,2.8057692307692306,0.2867866674594858,520,mid,medium,mid_medium
HOUSEHOLD_2_471_WI_1,1968,0.3099593495934959,610.0,0.755589430894309,4.091476091476092,0.21037017378840825,481,low,sparse,low_sparse
HOUSEHOLD_2_472_TX_1,1952,0.48770491803278687,952.0,0.6526639344262295,2.8790560471976403,0.281150499994941,678,mid,medium,mid_medium
HOUSEHOLD_2_474_TX_2,1967,0.08032536858159633,158.0,0.9262836807320793,13.565517241379311,0.08091373800494936,145,low,sparse,low_sparse
HOUSEHOLD_2_485_TX_1,1969,0.5500253936008126,1083.0,0.6587100050787201,2.9300595238095237,0.40029846741722513,672,mid,medium,mid_medium
HOUSEHOLD_2_485_TX_2,1956,0.38139059304703476,746.0,0.7300613496932515,3.7045454545454546,0.5646254906320611,528,mid,medium,mid_medium
HOUSEHOLD_2_489_CA_2,1606,0.2932752179327522,471.0,0.7677459526774595,4.305630026809651,0.21284880341257692,373,low,sparse,low_sparse
HOUSEHOLD_2_508_CA_2,1591,0.3023255813953488,481.0,0.754242614707731,4.069053708439898,0.19194062248596075,391,low,sparse,low_sparse
